dataset, max_acc, last_acc, ensemble_size, epoch_size, data_opts, train_time
cod-rna,0.8851213289300743,0.7666199096521941,50,1.0,whole,nan
cod-rna,0.821726916945552,0.8217121903268205,100,1.0,whole,nan
cod-rna,0.89025355555801,0.8805303055405221,100,1.0,whole,nan
cod-rna,0.890161514190938,0.8746875195587905,100,1.0,whole,nan
cod-rna,0.8901394242628407,0.873623521355438,100,1.0,whole,nan,"[0.8875954008769702, 0.8901394242628407, 0.8884311364899841, 0.886737575335859, 0.8851250105847572, 0.8835308541070699, 0.8824742192130831, 0.881704753384361, 0.8807180699293491, 0.8800774620145279, 0.8796761616540938, 0.8793669026607318, 0.8787999278395682, 0.8783912641697684, 0.8780415069748948, 0.8778169260392391, 0.8775150303552428, 0.8772315429446611, 0.8771026850307603, 0.8769112389872504, 0.8766535231594488, 0.8765614817923768, 0.8763148109286237, 0.8761270465397969, 0.8760460501367735, 0.875935600496287, 0.8758435591292151, 0.8756668397044368, 0.875596888265462, 0.8756042515748278, 0.8754827569702928, 0.8754533037328297, 0.8752802659627343, 0.8752765843080514, 0.8752397677612226, 0.8752544943799542, 0.8752213594878082, 0.8751624530128821, 0.8751550897035163, 0.8750888199192245, 0.8749415537319093, 0.8748347857461057, 0.874764834307131, 0.8746985645228391, 0.8748384674007886, 0.8746543846666446, 0.8745844332276699, 0.8745549799902068, 0.8745549799902068, 0.874547616680841, 0.8745292084074267, 0.8744187587669402, 0.8744113954575744, 0.8744003504935258, 0.8744077138028916, 0.8743083091264537, 0.8742935825077223, 0.8742935825077223, 0.8742751742343079, 0.8742899008530394, 0.8742457209968448, 0.8742236310687476, 0.8742346760327961, 0.8742309943781132, 0.8741573612844556, 0.8741279080469926, 0.8741205447376269, 0.874116863082944, 0.874116863082944, 0.874116863082944, 0.8741315897016755, 0.8740910915001638, 0.8740690015720666, 0.8740763648814324, 0.8741094997735782, 0.8741021364642124, 0.8740100950971404, 0.8739438253128486, 0.8739143720753856, 0.8739106904207027, 0.8738849188379225, 0.8738517839457766, 0.8738481022910937, 0.8738554656004595, 0.8738517839457766, 0.8738444206364109, 0.8738444206364109, 0.8738444206364109, 0.873840738981728, 0.8738959638019712, 0.8739327803488, 0.8739511886222143, 0.8738812371832396, 0.8737818325068019, 0.8736750645209983, 0.8736382479741696, 0.8736272030101209, 0.873623521355438, 0.873623521355438]"
